,last_name,first_name,cust_id
0,Wood,Russell,2020024533122
1,Young,Jody,0573570855929
2,Adams,John,1522864024860
3,Walker,Phillip,6253739382936
4,Duran,Angela,9723550956820
5,Kelley,Rachael,4053277002525
6,Byrd,Linda,0833540700190
7,Gonzales,Rachel,0573446637610
8,Hays,William,8179547932015
9,Campos,Steve,7204899660434
10,Dawson,Kenneth,3706346471530
11,Bean,Larry,0652788319297
12,Davis,Brittany,6087698750111
13,Baxter,Samantha,7495605369854
14,Davis,Tom,0278923617538
15,Hahn,Deborah,6350436386360
16,Mitchell,Andrea,8659266901759
17,Ortiz,Brenda,3417732112048
18,Mcbride,Michael,6323427030783
19,Williams,Maria,6555726469211
20,Molina,Michael,9692572939762
21,Sanders,Travis,9454106633341
22,Cline,Jennifer,2433068772139
23,Ritter,Derek,5015364258977
24,Thompson,Travis,0040333709718
25,Lopez,Jack,4362268531048
26,Burch,Daniel,7201217950090
27,Walls,Donna,5154730013139
28,Hines,Kayla,7193111535830
29,White,David,9928124344365
30,King,Evan,9670096101938
31,Robbins,Valerie,0434920434333
32,Davis,Timothy,6981166218680
33,Green,Todd,5805575455792
34,Pierce,Antonio,9341639262675
35,Hammond,Ellen,8385377222442
36,Smith,Becky,3558162153777
37,Dean,Leslie,6932725670052
38,Peters,Kimberly,0948505736352
39,Hughes,Teresa,1694236776258
40,Gonzalez,Eric,3436549599603
41,Harris,Melissa,2951948201377
42,Webb,Adam,8941598728614
43,Hall,Brian,6507743009855
44,Dickson,Betty,7885484420392
45,Webb,William,1532435296283
46,Hughes,John,8370051403186
47,Anderson,Laurie,8173356214415
48,Green,Daniel,3806121252134
49,Nelson,David,5980757067288
50,Fisher,Brittany,3499579844377
51,Huang,Justin,8851255761664
52,Boyd,Connor,3352439983616
53,Dougherty,Julia,4639199944450
54,Schmidt,Kevin,9834694854305
55,Anderson,Paul,6654502081635
56,Luna,Lance,4421237709045
57,Aguilar,Jacqueline,1243483883335
58,Pacheco,Sydney,8696289082398
59,Ortiz,Steven,9563271506488
60,Sosa,Christine,0606449724128
61,Riley,Randy,9471930454434
62,Baker,Kristine,8154761001439
63,Ruiz,Stephen,9163902368830
64,Hendrix,Helen,4216455169373
65,Bates,Karen,3257575467972
66,Larson,Kendra,0122226325705
67,Anderson,Brittany,1433702393498
68,Smith,Elizabeth,7112423256445
69,Owens,Nathan,4245546707132
70,Taylor,Joshua,1398035837127
71,Hobbs,Tom,8034916029833
72,Vaughn,Thomas,3873667947199
73,Miller,Joan,9369047950182
74,Dodson,John,9586006239100
75,Cooper,Christina,6385714779625
76,Murphy,Jon,7729486198409
77,Stone,Donna,0933298076441
78,Wolf,Matthew,1341455302312
79,Robinson,Christina,9777029056507
80,Valentine,Joshua,8477054284982
81,Christian,Linda,5525677398719
82,Bennett,Janet,5552544633802
83,Cantrell,Joshua,2727851491143
84,Jimenez,Mason,8129422050269
85,Foster,Elizabeth,1486845729527
86,Gaines,Jacob,0933015480424
87,Fitzpatrick,Matthew,0704753067787
88,Rice,David,5109438894688
89,Santos,Jennifer,1959202328659
90,Lamb,James,0609995361769
91,White,Ana,4301770815851
92,Douglas,Michael,3000096340605
93,Wilson,Kristen,3551422154738
94,Hopkins,Molly,0702109130332
95,Young,Christopher,9915670150815
96,Carter,Jennifer,3384632099251
97,Christensen,Troy,7065937888373
98,Spence,Linda,8996468566833
99,Martinez,Richard,0669390277210
100,Nunez,Nancy,1056607982401
101,Rogers,Erica,0512852280322
102,Cook,Krista,1041559303967
103,Mcdaniel,Amy,4796673799676
104,Mack,Justin,2099026580595
105,Poole,Elizabeth,1980435498682
106,Lewis,Barbara,7308039132925
107,Lawrence,Michele,1226025097935
108,Walter,Richard,3835787670869
109,Williams,Stacy,8797777373765
110,Thornton,Richard,0835956737222
111,Gonzales,Tabitha,8144195042915
112,Richardson,Todd,1286676052831
113,Durham,Dana,3889147308985
114,Evans,Linda,6184904284944
115,Duke,Christine,5727085778788
116,Rhodes,Aaron,8156489111962
117,Powell,Kelly,2180840532124
118,Welch,Monica,8558994793948
119,Fields,Dennis,4810134676554
120,Copeland,Douglas,0690323168947
121,Ferguson,Aaron,2161369480862
122,Rodriguez,Christopher,6480683757440
123,Anderson,Michael,2397283461868
124,Frazier,Amber,2702532957404
125,Foster,Denise,3742775789084
126,Stevens,Dylan,7617682734017
127,Holland,Melinda,0087629398414
128,Bailey,Jeffrey,0179571537106
129,Poole,Madison,4157949097245
130,Rice,Shelby,8114330015988
131,Hill,Matthew,5277378566925
132,Hatfield,Amy,9840561444595
133,Edwards,Julia,7654507392244
134,Williams,Susan,3999224140890
135,Taylor,Brian,2098736002568
136,Simmons,Rachel,3054819426159
137,Johnson,John,3093684882072
138,Bennett,Timothy,7992505540757
139,Henry,Matthew,9692926225752
140,Moore,Kelly,4780591245993
141,Young,Lisa,9731812786807
142,Thomas,Robert,5885173434759
143,Mendez,Sydney,8618528442987
144,Lowery,David,8259281871619
145,Kirby,Cynthia,0723779604208
146,Preston,Austin,7108214001826
147,Miller,Claudia,2148907022809
148,Branch,Mark,0019170048256
149,Jones,Aaron,4721918337448
150,Coleman,Francisco,3392985504161
151,Clayton,Jennifer,1538262808197
152,Craig,Louis,6198357888755
153,Arnold,Carla,1155834794872
154,Brown,Joyce,0229154731541
155,Smith,Leslie,9207907455861
156,Ellis,Jennifer,4472872307854
157,Morris,Emily,3393984801601
158,Taylor,Ronald,7031964760713
159,Friedman,Michael,8548464577220
160,White,Luke,7607930340248
161,Deleon,Dennis,4942034621279
162,Collier,Katie,2137196160681
163,Bennett,Sherry,4070717850675
164,Reed,Kathleen,4159077306586
165,Webb,David,2308362009776
166,Pace,Toni,6339146840438
167,Johnson,Anne,7360832650422
168,Carney,Jay,6719582172444
169,Clark,Karl,8204424166696
170,Lopez,Andrew,6758561963333
171,Green,Nancy,0114383122577
172,Ford,Richard,5449548956714
173,Rivera,Anthony,1365338454892
174,Colon,Kathryn,6983489839409
175,Warner,William,5982643499567
176,Anderson,James,0251482367938
177,Reynolds,Albert,8179957803035
178,Williams,Lindsey,5648624837965
179,Robles,Kathy,2743412291892
180,Rose,Valerie,1145798871880
181,Tucker,Rachel,7197674684036
182,Walker,Howard,4068940687945
183,Pope,Spencer,0804388624431
184,Parker,Andrew,8573100658744
185,Harris,Michael,4271680687739
186,Robinson,Sharon,1795896533924
187,Kennedy,Ricardo,6464374361961
188,Kennedy,Ashley,5370809510812
189,Collins,Richard,9399083950722
190,Cox,Jaime,6477867444268
191,Simpson,David,7081715354173
192,Wood,Cory,8956630816717
193,Grimes,Jessica,8729034185305
194,Phillips,Lindsey,2090437439802
195,Kim,Traci,6788559165082
196,Alexander,Theodore,6444338616839
197,Welch,Carrie,2564399755917
198,Everett,Jaime,5522588401485
199,Stevenson,Vincent,9269170733681
200,Love,Amanda,7514644310527
201,Barnes,Laura,4389958313405
202,Turner,Dawn,5015612204977
203,Austin,Lindsey,9156684400205
204,Norton,Phillip,1608257904890
205,Rojas,David,8788424271754
206,Brady,Thomas,7937577166723
207,Watts,Jennifer,4709803573036
208,Dillon,Dominic,7439206385985
209,Shelton,Karen,7712905197889
210,Rhodes,Ashley,4663789112227
211,Hart,Pamela,9308964389893
212,Mills,Michaela,3580980302830
213,Sanchez,Laura,3787096074480
214,Brown,John,5829307906890
215,Orr,Matthew,9791549631368
216,Bautista,Melinda,0672530057829
217,Patterson,Beverly,8907779491241
218,Mclaughlin,Jennifer,5651693131790
219,Hughes,Brandy,7628852763037
220,Brown,Barbara,1328742854429
221,Shepard,James,9956925529569
222,Parker,Amy,4933564419855
223,Johnson,Brittany,6778394232794
224,Gonzales,Mathew,6909470302671
225,Hardin,David,5163264955577
226,King,Debra,1447229206287
227,Hanson,Savannah,1821648358251
228,Lam,Christopher,4620856748884
229,Reyes,Andrew,7862737144111
230,Mckinney,Michael,0583434889198
231,Delacruz,Laura,7035268127648
232,Stanton,Daniel,5430692902131
233,Morse,Mary,7528963950995
234,Ortega,Scott,0744715805202
235,Martinez,Cody,2071351237971
236,Larson,Bryan,3056159781418
237,Silva,Aaron,9697173433834
238,Perez,Crystal,7526786923351
239,Johnson,Andrea,1886568813677
240,Williams,Ruben,4483199346366
241,Brown,John,7082580047272
242,Peterson,Haley,9597184769046
243,Bell,William,6171053564393
244,Soto,Monica,5420379543793
245,Duncan,Jacob,7508077479921
246,Singleton,Whitney,7455521289639
247,Gonzales,Madison,0797722060410
248,Garcia,Victor,3329933160423
249,Perez,Jessica,6342184698863
250,Martinez,Matthew,2855548335367
251,Colon,Lori,0936072161994
252,Everett,Tina,0516451749748
253,Welch,Christina,4730049533593
254,Stout,William,1315445647262
255,Barnes,Isaiah,7523956628971
256,Scott,Zoe,9914648046010
257,Johnson,David,9250493577336
258,Blake,Stephanie,5544981622776
259,Wilson,Margaret,9646548963803
260,Clark,Patricia,5173048381175
261,Lopez,Gary,7577990876862
262,Boone,Anne,0944985516484
263,Jensen,Juan,7242581991811
264,Thompson,Timothy,1765528518044
265,Santiago,Rick,8228429262825
266,Campbell,Megan,5208879597512
267,Long,Cody,0667269917097
268,Lopez,Brittney,0647771545955
269,Yates,Brent,1434663999706
270,Young,Travis,8258519366243
271,Smith,Wendy,1271951593673
272,Bell,Aaron,6648432436582
273,Bishop,Phillip,4131241155687
274,Barry,David,0822023004604
275,Baker,Cheryl,2078735524435
276,Rodgers,Michael,9616615255881
277,Myers,Joseph,2301593653468
278,Dixon,Kayla,1220734948736
279,Watts,Alex,2191493261987
280,Hall,Kathryn,1314973556482
281,Mcguire,Julia,6496154524429
282,Rodriguez,Tiffany,1290932278147
283,Garrett,Sandra,7059533063026
284,Maddox,Robert,4495293768744
285,Roberts,Stephanie,6271324410358
286,Berger,Ethan,4966622524323
287,Tran,Amanda,7199321171173
288,Williamson,Matthew,2052493947614
289,Brown,James,7643908159386
290,Burns,Briana,1032538949295
291,Morris,Wendy,0716815380404
292,Smith,Edward,2248431610839
293,Olsen,Renee,4242688574148
294,Dickerson,James,1421658294193
295,Mcintyre,Morgan,4447951224577
296,Garner,Samantha,8214586218034
297,Smith,Mary,9309234005767
298,Goodwin,Chelsea,0973382807818
299,Hardin,Samantha,8182710505382
300,Griffin,Juan,6024143911742
301,Mccoy,Chase,9119668451742
302,Bowen,Cameron,3505304086104
303,Johnson,Robert,8196102779268
304,Barnes,Brittany,8720175534879
305,Davis,Joseph,8217490411259
306,Blanchard,William,4374533823371
307,Fields,Devin,3172229499625
308,Beltran,Stuart,1399543137042
309,Harris,Jessica,4557516393725
310,Hernandez,Kimberly,5195811118334
311,Davis,Andrew,5147288459179
312,Williams,Thomas,3156073929003
313,Moody,Susan,8140275736266
314,Stewart,Justin,2414354213612
315,Wilkins,Kristin,1715569122548
316,Lee,Karen,3291135209872
317,Brooks,Rebecca,8796809709955
318,Spencer,Michael,2923806718349
319,Walsh,Jessica,4470186517783
320,Blevins,Stephanie,1460905243724
321,Rodriguez,Melissa,2261585857971
322,Keith,Stephen,9468127379728
323,Palmer,Anthony,1272375641044
324,Diaz,Robin,8381792420553
325,Bailey,Lauren,7951303333307
326,Walton,Kristen,3469541835629
327,Cox,Jonathan,7961018167012
328,Boyle,Robert,0299400167983
329,Stevens,Jonathan,6441980538520
330,Lewis,Justin,2439907248918
331,Smith,Renee,2589093061797
332,Allen,Kenneth,1659548097320
333,York,Thomas,2506440220092
334,Green,Heather,9944647260359
335,Holland,Juan,1846528860665
336,Clark,Larry,1739181620205
337,Jackson,Teresa,1877353726289
338,Christensen,Benjamin,4122461114676
339,Brewer,Susan,3659971519369
340,Lowery,Jackie,8615427919975
341,Webb,Mario,1032378438916
342,Yates,Todd,3087657797882
343,Wilkins,Patty,2816422642170
344,Guerrero,Stephanie,4707305903837
345,Nixon,Cynthia,0544454898029
346,Davis,Rebecca,4856592398072
347,Ewing,Lisa,9761630263076
348,Flores,Bradley,1401504076294
349,Wright,Julia,8591074958020
350,Rodriguez,Kim,6344577557500
351,Cooley,Rachel,8174301240003
352,Cooper,Victoria,8912773367436
353,Newman,Martin,5159687032430
354,Gutierrez,Melanie,3631605419468
355,Moore,Angela,5100689335716
356,Huff,Joshua,1843205421571
357,Nelson,John,0035158162457
358,Ali,Ashley,9186761566320
359,Kim,David,3807713573250
360,Flores,Cynthia,6121890366190
361,Morris,Elizabeth,4860684714365
362,Leach,Joseph,8672990029723
363,Brandt,Christopher,7869828003862
364,Carroll,Destiny,6617475999681
365,Mullins,Jack,0722977998585
366,Robertson,Brian,2510506377460
367,Long,Stephanie,3801839882064
368,Fisher,Hunter,9252025367695
369,Fleming,Kayla,5398847970859
370,Bradshaw,Lynn,5012650736714
371,Benitez,Eric,7008949972109
372,Hughes,Christopher,4013252879922
373,Hodges,Aaron,8670062328533
374,Wilson,Jasmine,2990216641898
375,Chambers,Daniel,3517187139832
376,Murray,Suzanne,3355437173383
377,Dougherty,Eric,8453813988980
378,Graham,David,8904480699122
379,Le,Whitney,9986761650048
380,Hernandez,Chad,6610569298397
381,Carter,Robert,5818984572065
382,Todd,Erin,0678291137273
383,Valencia,Anthony,9045075173309
384,Gibson,Casey,7128924151671
385,White,Amanda,9766302972585
386,Guzman,Juan,5383951118371
387,Francis,Timothy,9077195765450
388,Ward,Nathaniel,1585304897195
389,Patterson,Thomas,6428941449761
390,Wagner,Stephanie,0258415237464
391,Garza,Timothy,9527495152597
392,Thompson,Samantha,4768749033640
393,Sanders,Marie,1935140103107
394,Short,Adam,8388081836775
395,Barnett,Logan,2086807213035
396,Gutierrez,Susan,6433505326174
397,Ross,Mark,6537604429665
398,Mills,Rodney,7026443244044
399,Small,John,8925772096298
400,King,Angela,8782102786172
401,Grant,Alan,9937735302784
402,Alexander,Bryan,7550589172664
403,Johnson,Jason,2597718574129
404,Rogers,Juan,5527020197768
405,Aguilar,Sheila,2392741809909
406,Perry,Lisa,0451174302994
407,Berry,Bonnie,8426675193594
408,Cook,Travis,2876488400578
409,Richardson,Anthony,1381262828058
410,Hawkins,William,7657124158932
411,Glover,Sheila,3527795657891
412,Compton,Bruce,0253807689454
413,Bell,Cheryl,8209278846447
414,Oconnor,Alfred,4532043621393
415,Lee,Stephanie,3964543877815
416,Mcclure,Laura,1404391088132
417,King,William,2347761980487
418,Wolf,Laura,4826618507235
419,Fields,Michelle,2110125031667
420,Bradley,Mark,5578039916020
421,Rodgers,Billy,0817550085765
422,Stewart,Brandon,7426959808794
423,Saunders,Aaron,4564238241458
424,Carpenter,Crystal,8512660977404
425,Thomas,David,2727389166961
426,Edwards,Francisco,8395642132098
427,Thompson,Margaret,8544621360366
428,Johnson,Douglas,0125986448579
429,Ingram,Michael,2003509337679
430,Hill,Nicole,0573839793662
431,Kelly,Stephanie,3873828794971
432,Chambers,Miranda,3810804365849
433,Stafford,John,9512813877810
434,Bell,Casey,2304865606369
435,Francis,Madeline,5195552926561
436,Combs,Tanya,3502375357734
437,Gonzalez,Debbie,8809413352879
438,Richardson,Noah,1575715169381
439,Sanchez,Linda,0288113082165
440,Holland,Robert,4212652880388
441,Avila,Samuel,6117671532640
442,Crawford,Kimberly,8450808203700
443,Edwards,Michael,6583178919435
444,Lewis,Alexander,6002563445948
445,Parker,Richard,4660001294837
446,Navarro,Troy,8843795251369
447,Davidson,Heather,2961726763682
448,Mclaughlin,Daniel,0111836162407
449,Rivera,Zachary,3302841260478
450,Phillips,Austin,9354618543994
451,Martinez,Michael,5524324664300
452,Carlson,Kevin,9363742982438
453,Rodriguez,Melissa,8959553007581
454,Brown,Sarah,4472803830202
455,Jacobson,Nathan,8318176341202
456,Smith,Michael,6288455490752
457,Moore,Jesse,6145610315163
458,Morris,Brent,8652798676035
459,Rodriguez,Jeffrey,5860764821316
460,Santos,Matthew,5189822240721
461,Hayes,Kyle,8679318444702
462,Bennett,Paul,9173534926144
463,Lopez,Steven,9479656638966
464,Robinson,Lauren,8762248176279
465,Willis,Marissa,1884472478697
466,Moore,Brian,6794034936604
467,Haas,Barbara,5779881426970
468,Flores,Cindy,8630780200071
469,Nunez,Samuel,3301015092256
470,Gonzales,Tammy,8181386679647
471,Hernandez,Teresa,7326054296265
472,Graham,Rebecca,0259132961227
473,Ware,Crystal,6525903787433
474,Tucker,Melissa,9822346275333
475,Gillespie,Daniel,3091786450993
476,Andrews,Kayla,4754968345510
477,Hall,Jay,8576064648188
478,Skinner,Jacob,9019884636676
479,Green,Nicholas,3307630501638
480,Graves,Ralph,3905116528453
481,Tucker,Richard,1839525381194
482,Sandoval,John,8196925426733
483,Adkins,Paul,7919231302723
484,Miller,Rachel,1618292627031
485,Ryan,Ryan,5710315583030
486,Jenkins,Brian,7089960377273
487,Hernandez,Joseph,9414321212944
488,Jones,Daniel,5911760339314
489,Grant,Chad,0313815154558
490,Duncan,Susan,0853753857237
491,Rodriguez,Eddie,6183999383126
492,Nguyen,Jeff,1373547051829
493,Leblanc,Alexander,6712229460933
494,Dyer,Richard,9392627293525
495,Hawkins,Samantha,9045450582389
496,Rios,Sara,3232582590528
497,Smith,Keith,2054443947564
498,Hughes,Joseph,5196904303777
499,Larson,Sara,1488573309806
